[
  {
    "id": "c0c4f231-53ee-4976-8a68-b69d643e6fde",
    "data": [
      {
        "text": "it is ",
        "userDefined": false
      },
      {
        "text": "not worth living",
        "alias": "ProblemsFaced_highlevel",
        "meta": "@ProblemsFaced_highlevel",
        "userDefined": true
      }
    ],
    "isTemplate": false,
    "count": 0,
    "updated": 1545097824
  },
  {
    "id": "c2773756-fde2-4e50-ad69-2596b24123fa",
    "data": [
      {
        "text": "i want to ",
        "userDefined": false
      },
      {
        "text": "end my life",
        "alias": "ProblemsFaced_highlevel",
        "meta": "@ProblemsFaced_highlevel",
        "userDefined": true
      }
    ],
    "isTemplate": false,
    "count": 0,
    "updated": 1545097824
  },
  {
    "id": "7c07cdc5-8967-4373-a13c-bbfd6d66adbb",
    "data": [
      {
        "text": "i want to ",
        "userDefined": false
      },
      {
        "text": "shoot myself",
        "alias": "ProblemsFaced_highlevel",
        "meta": "@ProblemsFaced_highlevel",
        "userDefined": true
      }
    ],
    "isTemplate": false,
    "count": 0,
    "updated": 1545097824
  },
  {
    "id": "c20c88b2-fade-4fcd-b607-d92c3c3ad55a",
    "data": [
      {
        "text": "mood is always low",
        "alias": "ProblemsFaced_highlevel",
        "meta": "@ProblemsFaced_highlevel",
        "userDefined": true
      }
    ],
    "isTemplate": false,
    "count": 0,
    "updated": 1545096501
  },
  {
    "id": "2dc0794c-ca38-46fa-b452-4b0fda347338",
    "data": [
      {
        "text": "i ",
        "userDefined": false
      },
      {
        "text": "feel useless",
        "alias": "ProblemsFaced_highlevel",
        "meta": "@ProblemsFaced_highlevel",
        "userDefined": true
      }
    ],
    "isTemplate": false,
    "count": 0,
    "updated": 1545096501
  },
  {
    "id": "ca36cd01-33d7-44e7-856a-86188ab0f063",
    "data": [
      {
        "text": "there is ",
        "userDefined": false
      },
      {
        "text": "no hope",
        "alias": "ProblemsFaced_highlevel",
        "meta": "@ProblemsFaced_highlevel",
        "userDefined": true
      }
    ],
    "isTemplate": false,
    "count": 0,
    "updated": 1545096501
  },
  {
    "id": "03305e8e-0c13-4e8c-bb17-8c5ea8918969",
    "data": [
      {
        "text": "i ",
        "userDefined": false
      },
      {
        "text": "feel helpless",
        "alias": "ProblemsFaced_highlevel",
        "meta": "@ProblemsFaced_highlevel",
        "userDefined": true
      }
    ],
    "isTemplate": false,
    "count": 0,
    "updated": 1545096501
  },
  {
    "id": "48b26711-703c-4a12-8eb6-39fb3c1b466f",
    "data": [
      {
        "text": "i ",
        "userDefined": false
      },
      {
        "text": "have insomnia",
        "alias": "ProblemsFaced_highlevel",
        "meta": "@ProblemsFaced_highlevel",
        "userDefined": true
      }
    ],
    "isTemplate": false,
    "count": 0,
    "updated": 1545096501
  },
  {
    "id": "1dc85ead-bcd5-4d52-a049-393413feab73",
    "data": [
      {
        "text": "i am ",
        "userDefined": false
      },
      {
        "text": "not eating well",
        "alias": "ProblemsFaced_highlevel",
        "meta": "@ProblemsFaced_highlevel",
        "userDefined": true
      }
    ],
    "isTemplate": false,
    "count": 0,
    "updated": 1545096501
  },
  {
    "id": "60bbb2dd-53c9-4b0a-bf9f-fb6ac87fdec8",
    "data": [
      {
        "text": "i have ",
        "userDefined": false
      },
      {
        "text": "no appetite",
        "alias": "ProblemsFaced_highlevel",
        "meta": "@ProblemsFaced_highlevel",
        "userDefined": true
      }
    ],
    "isTemplate": false,
    "count": 0,
    "updated": 1545096501
  },
  {
    "id": "00725d16-d712-4aff-bf35-551c9dfa678e",
    "data": [
      {
        "text": "i ",
        "userDefined": false
      },
      {
        "text": "cannot sleep",
        "alias": "ProblemsFaced_highlevel",
        "meta": "@ProblemsFaced_highlevel",
        "userDefined": true
      }
    ],
    "isTemplate": false,
    "count": 0,
    "updated": 1545096501
  },
  {
    "id": "9b0d07bc-0b04-445e-b786-83424e9af72b",
    "data": [
      {
        "text": "i feel like ",
        "userDefined": false
      },
      {
        "text": "harming myself",
        "alias": "ProblemsFaced_highlevel",
        "meta": "@ProblemsFaced_highlevel",
        "userDefined": true
      }
    ],
    "isTemplate": false,
    "count": 0,
    "updated": 1545096501
  },
  {
    "id": "0ae343a8-104a-4080-9890-f8e6991451d7",
    "data": [
      {
        "text": "i ",
        "userDefined": false
      },
      {
        "text": "feel like cutting myself",
        "alias": "ProblemsFaced_highlevel",
        "meta": "@ProblemsFaced_highlevel",
        "userDefined": true
      }
    ],
    "isTemplate": false,
    "count": 0,
    "updated": 1545096501
  },
  {
    "id": "2054d18f-b263-415b-b8dd-b93654e1a5a1",
    "data": [
      {
        "text": "i want to ",
        "userDefined": false
      },
      {
        "text": "jump down",
        "alias": "ProblemsFaced_highlevel",
        "meta": "@ProblemsFaced_highlevel",
        "userDefined": true
      }
    ],
    "isTemplate": false,
    "count": 0,
    "updated": 1545096501
  },
  {
    "id": "c882cc8e-f384-4d9a-9a52-5bd1d51336cc",
    "data": [
      {
        "text": "i am ",
        "userDefined": false
      },
      {
        "text": "feeling really low",
        "alias": "ProblemsFaced_highlevel",
        "meta": "@ProblemsFaced_highlevel",
        "userDefined": true
      }
    ],
    "isTemplate": false,
    "count": 0,
    "updated": 1545096501
  },
  {
    "id": "0f96cb7e-1eab-4c5a-8d79-7e024c7a12d5",
    "data": [
      {
        "text": "low mood",
        "alias": "ProblemsFaced_highlevel",
        "meta": "@ProblemsFaced_highlevel",
        "userDefined": false
      }
    ],
    "isTemplate": false,
    "count": 0,
    "updated": 1545096501
  },
  {
    "id": "93ec2e72-39e8-4ba1-964c-1d31537912ca",
    "data": [
      {
        "text": "i am ",
        "userDefined": false
      },
      {
        "text": "feeling down",
        "alias": "ProblemsFaced_highlevel",
        "meta": "@ProblemsFaced_highlevel",
        "userDefined": false
      }
    ],
    "isTemplate": false,
    "count": 0,
    "updated": 1545096501
  },
  {
    "id": "f73e96f0-d023-4eb0-9e09-e2ae030476b3",
    "data": [
      {
        "text": "thinking of ",
        "userDefined": false
      },
      {
        "text": "killing myself",
        "alias": "ProblemsFaced_highlevel",
        "meta": "@ProblemsFaced_highlevel",
        "userDefined": true
      }
    ],
    "isTemplate": false,
    "count": 0,
    "updated": 1545096501
  },
  {
    "id": "bc296a10-70db-4dd9-ad1f-58a1d30f2404",
    "data": [
      {
        "text": "i want to ",
        "userDefined": false
      },
      {
        "text": "kill myself",
        "alias": "ProblemsFaced_highlevel",
        "meta": "@ProblemsFaced_highlevel",
        "userDefined": true
      }
    ],
    "isTemplate": false,
    "count": 0,
    "updated": 1545096501
  },
  {
    "id": "0da0e6f0-ab9c-483a-9271-6bde8c894cdf",
    "data": [
      {
        "text": "feel like committing suicide",
        "alias": "ProblemsFaced_highlevel",
        "meta": "@ProblemsFaced_highlevel",
        "userDefined": false
      }
    ],
    "isTemplate": false,
    "count": 0,
    "updated": 1545096501
  },
  {
    "id": "184284c6-d837-4684-8855-c37a9c43300f",
    "data": [
      {
        "text": "i am ",
        "userDefined": false
      },
      {
        "text": "suicidal",
        "alias": "ProblemsFaced_highlevel",
        "meta": "@ProblemsFaced_highlevel",
        "userDefined": false
      }
    ],
    "isTemplate": false,
    "count": 0,
    "updated": 1545096501
  },
  {
    "id": "3c6dc30a-d0aa-46f1-8246-726e50974f64",
    "data": [
      {
        "text": "i am feeling ",
        "userDefined": false
      },
      {
        "text": "suicidal",
        "alias": "ProblemsFaced_highlevel",
        "meta": "@ProblemsFaced_highlevel",
        "userDefined": false
      }
    ],
    "isTemplate": false,
    "count": 0,
    "updated": 1545096501
  }
]