[
  {
    "id": "53e84c45-021f-4d52-bbed-34610e21ccb8",
    "data": [
      {
        "text": "i ",
        "userDefined": false
      },
      {
        "text": "need money",
        "alias": "ProblemsFaced_lowlevel1",
        "meta": "@ProblemsFaced_lowlevel",
        "userDefined": true
      }
    ],
    "isTemplate": false,
    "count": 0,
    "updated": 1542955506
  },
  {
    "id": "a361b25e-1b4a-491a-8a1a-e8970e33f1aa",
    "data": [
      {
        "text": "i have ",
        "userDefined": false
      },
      {
        "text": "financial problems",
        "alias": "ProblemsFaced_lowlevel1",
        "meta": "@ProblemsFaced_lowlevel",
        "userDefined": true
      }
    ],
    "isTemplate": false,
    "count": 0,
    "updated": 1542955506
  },
  {
    "id": "0381cbed-a70e-4038-9157-853c2c52f980",
    "data": [
      {
        "text": "i have ",
        "userDefined": false
      },
      {
        "text": "no money",
        "alias": "ProblemsFaced_lowlevel1",
        "meta": "@ProblemsFaced_lowlevel",
        "userDefined": true
      }
    ],
    "isTemplate": false,
    "count": 0,
    "updated": 1542955506
  },
  {
    "id": "3b4fa7af-9f72-4c61-9008-c7d1c4d0e446",
    "data": [
      {
        "text": "ragging",
        "alias": "ProblemsFaced_lowlevel1",
        "meta": "@ProblemsFaced_lowlevel",
        "userDefined": true
      }
    ],
    "isTemplate": false,
    "count": 0,
    "updated": 1542955506
  },
  {
    "id": "cfb29399-700d-4fed-8fad-66ea49291c4c",
    "data": [
      {
        "text": "my ",
        "userDefined": false
      },
      {
        "text": "mood is low",
        "alias": "ProblemsFaced_highlevel",
        "meta": "@ProblemsFaced_highlevel",
        "userDefined": true
      }
    ],
    "isTemplate": false,
    "count": 0,
    "updated": 1542955506
  },
  {
    "id": "ca4a36c7-746b-4d7a-b60b-6ed4e9e22540",
    "data": [
      {
        "text": "problem with friends",
        "alias": "ProblemsFaced_lowlevel1",
        "meta": "@ProblemsFaced_lowlevel",
        "userDefined": true
      }
    ],
    "isTemplate": false,
    "count": 0,
    "updated": 1542955506
  },
  {
    "id": "38d90fbf-1959-408e-bebd-60eea3c6d17f",
    "data": [
      {
        "text": "i have ",
        "userDefined": false
      },
      {
        "text": "a disorder",
        "alias": "ProblemsFaced_highlevel",
        "meta": "@ProblemsFaced_highlevel",
        "userDefined": true
      }
    ],
    "isTemplate": false,
    "count": 0,
    "updated": 1542955506
  },
  {
    "id": "ab996ec5-4b65-4c0b-bc9d-d5baafc592d4",
    "data": [
      {
        "text": "i ",
        "userDefined": false
      },
      {
        "text": "am homesick",
        "alias": "ProblemsFaced_lowlevel1",
        "meta": "@ProblemsFaced_lowlevel",
        "userDefined": true
      }
    ],
    "isTemplate": false,
    "count": 0,
    "updated": 1542955506
  },
  {
    "id": "b720b504-ab35-45fb-9a53-8b0168c77ce4",
    "data": [
      {
        "text": "cant sleep properly",
        "alias": "ProblemsFaced_highlevel",
        "meta": "@ProblemsFaced_highlevel",
        "userDefined": true
      }
    ],
    "isTemplate": false,
    "count": 0,
    "updated": 1542955506
  },
  {
    "id": "b3149827-fa5c-4c87-a658-69042cbde252",
    "data": [
      {
        "text": "i ",
        "userDefined": false
      },
      {
        "text": "cannot sleep well",
        "alias": "ProblemsFaced_highlevel",
        "meta": "@ProblemsFaced_highlevel",
        "userDefined": true
      }
    ],
    "isTemplate": false,
    "count": 0,
    "updated": 1542955506
  },
  {
    "id": "5b543ca9-98b8-44b2-8e59-e1ab2780688f",
    "data": [
      {
        "text": "i am ",
        "userDefined": false
      },
      {
        "text": "not eating well",
        "alias": "ProblemsFaced_highlevel",
        "meta": "@ProblemsFaced_highlevel",
        "userDefined": true
      }
    ],
    "isTemplate": false,
    "count": 0,
    "updated": 1543214478
  },
  {
    "id": "c8b34d6d-a43d-4bc0-a038-31adfd57f73a",
    "data": [
      {
        "text": "i am ",
        "userDefined": false
      },
      {
        "text": "always nervous",
        "alias": "ProblemsFaced_lowlevel1",
        "meta": "@ProblemsFaced_lowlevel",
        "userDefined": true
      }
    ],
    "isTemplate": false,
    "count": 0,
    "updated": 1543214478
  },
  {
    "id": "b1c36eab-5f13-406c-befd-023e547e534a",
    "data": [
      {
        "text": "my ",
        "userDefined": false
      },
      {
        "text": "instructors bully me",
        "alias": "ProblemsFaced_highlevel",
        "meta": "@ProblemsFaced_highlevel",
        "userDefined": true
      }
    ],
    "isTemplate": false,
    "count": 0,
    "updated": 1543214478
  },
  {
    "id": "c91eb93d-16f3-40c4-be40-7de94d0c36d8",
    "data": [
      {
        "text": "i ",
        "userDefined": false
      },
      {
        "text": "feel like beating someone",
        "alias": "ProblemsFaced_highlevel",
        "meta": "@ProblemsFaced_highlevel",
        "userDefined": true
      }
    ],
    "isTemplate": false,
    "count": 0,
    "updated": 1543214478
  },
  {
    "id": "6bb0198d-3e99-4231-beee-c9ba99b743f2",
    "data": [
      {
        "text": "i ",
        "userDefined": false
      },
      {
        "text": "feel like harming someone",
        "alias": "ProblemsFaced_highlevel",
        "meta": "@ProblemsFaced_highlevel",
        "userDefined": true
      }
    ],
    "isTemplate": false,
    "count": 0,
    "updated": 1543214478
  },
  {
    "id": "1c45f19e-689d-4953-8cb2-83e450d90317",
    "data": [
      {
        "text": "i am ",
        "userDefined": false
      },
      {
        "text": "worried about my girlfriend",
        "alias": "ProblemsFaced_lowlevel1",
        "meta": "@ProblemsFaced_lowlevel",
        "userDefined": true
      }
    ],
    "isTemplate": false,
    "count": 0,
    "updated": 1543214478
  },
  {
    "id": "e96d8597-dc34-48e8-ae7f-d0fc54d5febf",
    "data": [
      {
        "text": "i am ",
        "userDefined": false
      },
      {
        "text": "worried about my family",
        "alias": "ProblemsFaced_lowlevel1",
        "meta": "@ProblemsFaced_lowlevel",
        "userDefined": true
      }
    ],
    "isTemplate": false,
    "count": 0,
    "updated": 1543214478
  },
  {
    "id": "e406614c-b343-4048-8075-0e5c9f604f9a",
    "data": [
      {
        "text": "i am ",
        "userDefined": false
      },
      {
        "text": "worried about ns",
        "alias": "ProblemsFaced_lowlevel1",
        "meta": "@ProblemsFaced_lowlevel",
        "userDefined": true
      }
    ],
    "isTemplate": false,
    "count": 0,
    "updated": 1543214478
  },
  {
    "id": "59f0f8d0-f1da-48a4-b1d3-cd20f3b339e5",
    "data": [
      {
        "text": "my ",
        "userDefined": false
      },
      {
        "text": "instructor is too fierce",
        "alias": "ProblemsFaced_lowlevel1",
        "meta": "@ProblemsFaced_lowlevel",
        "userDefined": true
      }
    ],
    "isTemplate": false,
    "count": 0,
    "updated": 1543214478
  },
  {
    "id": "5ff2b088-0b59-452c-a871-9eee1e3eb7d9",
    "data": [
      {
        "text": "training is too tough",
        "userDefined": false
      }
    ],
    "isTemplate": false,
    "count": 0,
    "updated": 1542955506
  },
  {
    "id": "dd9e0b66-a268-4a7c-97f9-4538b596d222",
    "data": [
      {
        "text": "i ",
        "userDefined": false
      },
      {
        "text": "cannot endure the training",
        "alias": "ProblemsFaced_lowlevel1",
        "meta": "@ProblemsFaced_lowlevel",
        "userDefined": true
      }
    ],
    "isTemplate": false,
    "count": 0,
    "updated": 1543214478
  },
  {
    "id": "fb799491-3286-43a0-89f0-a012bcb4edb9",
    "data": [
      {
        "text": "BGR problem",
        "alias": "ProblemsFaced_lowlevel1",
        "meta": "@ProblemsFaced_lowlevel",
        "userDefined": true
      }
    ],
    "isTemplate": false,
    "count": 0,
    "updated": 1543214478
  },
  {
    "id": "62219fde-ad22-4555-aed4-22ea23d16975",
    "data": [
      {
        "text": "i ",
        "userDefined": false
      },
      {
        "text": "have family problems",
        "alias": "ProblemsFaced_lowlevel1",
        "meta": "@ProblemsFaced_lowlevel",
        "userDefined": true
      }
    ],
    "isTemplate": false,
    "count": 0,
    "updated": 1543214478
  },
  {
    "id": "84238bc9-0f26-4692-844e-44072d1889e9",
    "data": [
      {
        "text": "my ",
        "userDefined": false
      },
      {
        "text": "girlfriend broke up with me",
        "alias": "ProblemsFaced_lowlevel1",
        "meta": "@ProblemsFaced_lowlevel",
        "userDefined": true
      }
    ],
    "isTemplate": false,
    "count": 0,
    "updated": 1543214478
  },
  {
    "id": "5ca14c10-123e-49cc-a8d5-0ada57a2de17",
    "data": [
      {
        "text": "i ",
        "userDefined": false
      },
      {
        "text": "am stressed out",
        "alias": "ProblemsFaced_lowlevel1",
        "meta": "@ProblemsFaced_lowlevel",
        "userDefined": true
      }
    ],
    "isTemplate": false,
    "count": 0,
    "updated": 1543214478
  },
  {
    "id": "a720524a-5d4f-4be6-8f51-605f321fb837",
    "data": [
      {
        "text": "depression",
        "alias": "ProblemsFaced_highlevel",
        "meta": "@ProblemsFaced_highlevel",
        "userDefined": true
      }
    ],
    "isTemplate": false,
    "count": 0,
    "updated": 1543214478
  },
  {
    "id": "3587735d-1d43-435a-a462-23ea586f7438",
    "data": [
      {
        "text": "i ",
        "userDefined": false
      },
      {
        "text": "feel depressed",
        "alias": "ProblemsFaced_highlevel",
        "meta": "@ProblemsFaced_highlevel",
        "userDefined": true
      }
    ],
    "isTemplate": false,
    "count": 0,
    "updated": 1543214478
  },
  {
    "id": "9ceca687-a8e4-438e-8801-2685dadf4035",
    "data": [
      {
        "text": "i ",
        "userDefined": false
      },
      {
        "text": "am depressed",
        "alias": "ProblemsFaced_highlevel",
        "meta": "@ProblemsFaced_highlevel",
        "userDefined": true
      }
    ],
    "isTemplate": false,
    "count": 0,
    "updated": 1543214478
  },
  {
    "id": "8095f4aa-5e6a-4230-87b5-a109972e7c35",
    "data": [
      {
        "text": "my ",
        "userDefined": false
      },
      {
        "text": "bunkmates bully me",
        "alias": "ProblemsFaced_lowlevel1",
        "meta": "@ProblemsFaced_lowlevel",
        "userDefined": true
      }
    ],
    "isTemplate": false,
    "count": 0,
    "updated": 1543214478
  },
  {
    "id": "cf481158-1f58-4df7-9273-419190a36f61",
    "data": [
      {
        "text": "i ",
        "userDefined": false
      },
      {
        "text": "have problem adjusting to ns",
        "alias": "ProblemsFaced_lowlevel1",
        "meta": "@ProblemsFaced_lowlevel",
        "userDefined": true
      }
    ],
    "isTemplate": false,
    "count": 1,
    "updated": 1543214478
  },
  {
    "id": "a6721c13-2ab4-43a8-85b7-013cc54bcc73",
    "data": [
      {
        "text": "i have ",
        "userDefined": false
      },
      {
        "text": "problem adjusting to work",
        "alias": "ProblemsFaced_lowlevel1",
        "meta": "@ProblemsFaced_lowlevel",
        "userDefined": true
      }
    ],
    "isTemplate": false,
    "count": 0,
    "updated": 1543214478
  },
  {
    "id": "753d2a6b-bdeb-4312-b33c-57fcbb8c6fae",
    "data": [
      {
        "text": "i am ",
        "userDefined": false
      },
      {
        "text": "being bullied at work",
        "alias": "ProblemsFaced_lowlevel1",
        "meta": "@ProblemsFaced_lowlevel",
        "userDefined": true
      }
    ],
    "isTemplate": false,
    "count": 0,
    "updated": 1543214478
  },
  {
    "id": "52cf8f4f-4973-44ce-af26-7490be99a4e5",
    "data": [
      {
        "text": "i am ",
        "userDefined": false
      },
      {
        "text": "feeling stressed at work",
        "alias": "ProblemsFaced_lowlevel1",
        "meta": "@ProblemsFaced_lowlevel",
        "userDefined": true
      }
    ],
    "isTemplate": false,
    "count": 0,
    "updated": 1543214478
  }
]