[
  {
    "id": "8d45d3c8-8338-4827-b16b-f7b9cfcc6608",
    "data": [
      {
        "text": "dont feel good",
        "userDefined": false
      }
    ],
    "isTemplate": false,
    "count": 0,
    "updated": 1542878826
  },
  {
    "id": "80379728-4dea-469f-87c4-da5170b834a9",
    "data": [
      {
        "text": "i don\u0027t feel too good",
        "userDefined": false
      }
    ],
    "isTemplate": false,
    "count": 0,
    "updated": 1542878826
  },
  {
    "id": "1fd9499e-3faf-462f-8ac2-59cc8249c002",
    "data": [
      {
        "text": "not feeling so well",
        "userDefined": false
      }
    ],
    "isTemplate": false,
    "count": 0,
    "updated": 1542878826
  },
  {
    "id": "39079c55-ba4f-4a43-a747-91c8ea35ca53",
    "data": [
      {
        "text": "I am stressed out",
        "userDefined": false
      }
    ],
    "isTemplate": false,
    "count": 0,
    "updated": 1542791796
  },
  {
    "id": "39d21198-ba27-4bb5-8f9c-503e06543d8c",
    "data": [
      {
        "text": "I am feeling stressed",
        "userDefined": false
      }
    ],
    "isTemplate": false,
    "count": 0,
    "updated": 1542791796
  }
]