[
  {
    "id": "53b16c17-4787-4f59-8aff-436dc44682fd",
    "data": [
      {
        "text": "what are the ",
        "userDefined": false
      },
      {
        "text": "signs of",
        "alias": "Symptomsofmentaldisorder",
        "meta": "@Symptomsofmentaldisorder",
        "userDefined": true
      },
      {
        "text": " ",
        "userDefined": false
      },
      {
        "text": "psychosis",
        "alias": "mentaldisorder",
        "meta": "@mentaldisorder",
        "userDefined": true
      }
    ],
    "isTemplate": false,
    "count": 0,
    "updated": 1545126301
  },
  {
    "id": "c91cb063-796e-4af3-bdc6-cd4592b576a2",
    "data": [
      {
        "text": "what is ",
        "userDefined": false
      },
      {
        "text": "obsessive compulsive disorder",
        "alias": "mentaldisorder",
        "meta": "@mentaldisorder",
        "userDefined": true
      }
    ],
    "isTemplate": false,
    "count": 0,
    "updated": 1545126301
  },
  {
    "id": "3c03302b-be41-4238-bf4f-78f637575736",
    "data": [
      {
        "text": "what is ",
        "userDefined": false
      },
      {
        "text": "OCD",
        "alias": "mentaldisorder",
        "meta": "@mentaldisorder",
        "userDefined": true
      }
    ],
    "isTemplate": false,
    "count": 0,
    "updated": 1545126301
  },
  {
    "id": "f8f732e5-32ce-4850-bb7c-9906c46bf074",
    "data": [
      {
        "text": "what is ",
        "userDefined": false
      },
      {
        "text": "bipolar disorder",
        "alias": "mentaldisorder",
        "meta": "@mentaldisorder",
        "userDefined": true
      }
    ],
    "isTemplate": false,
    "count": 0,
    "updated": 1545126301
  },
  {
    "id": "924fb84d-9e47-479a-9ddb-ee7436e45202",
    "data": [
      {
        "text": "how do I know if",
        "alias": "Symptomsofmentaldisorder",
        "meta": "@Symptomsofmentaldisorder",
        "userDefined": true
      },
      {
        "text": " I have ",
        "userDefined": false
      },
      {
        "text": "depression",
        "alias": "mentaldisorder",
        "meta": "@mentaldisorder",
        "userDefined": true
      }
    ],
    "isTemplate": false,
    "count": 0,
    "updated": 1545126301
  },
  {
    "id": "3f5ae82c-6273-48ab-88f3-f70caa701007",
    "data": [
      {
        "text": "symptoms of",
        "alias": "Symptomsofmentaldisorder",
        "meta": "@Symptomsofmentaldisorder",
        "userDefined": true
      },
      {
        "text": " ",
        "userDefined": false
      },
      {
        "text": "depression",
        "alias": "mentaldisorder",
        "meta": "@mentaldisorder",
        "userDefined": true
      }
    ],
    "isTemplate": false,
    "count": 0,
    "updated": 1545126301
  },
  {
    "id": "6d638187-481b-4591-a315-242977424030",
    "data": [
      {
        "text": "what is ",
        "userDefined": false
      },
      {
        "text": "anxiety disorder",
        "alias": "mentaldisorder",
        "meta": "@mentaldisorder",
        "userDefined": true
      }
    ],
    "isTemplate": false,
    "count": 0,
    "updated": 1545126301
  },
  {
    "id": "fb4fb0a2-8d01-4e34-9c9e-007392f8523a",
    "data": [
      {
        "text": "what are the ",
        "userDefined": false
      },
      {
        "text": "signs",
        "alias": "Symptomsofmentaldisorder",
        "meta": "@Symptomsofmentaldisorder",
        "userDefined": true
      },
      {
        "text": " of ",
        "userDefined": false
      },
      {
        "text": "depression",
        "alias": "mentaldisorder",
        "meta": "@mentaldisorder",
        "userDefined": true
      }
    ],
    "isTemplate": false,
    "count": 0,
    "updated": 1545126301
  },
  {
    "id": "4e788f76-231f-47a0-8637-c3a170566a3f",
    "data": [
      {
        "text": "what does ",
        "userDefined": false
      },
      {
        "text": "adjustment disorder",
        "alias": "mentaldisorder",
        "meta": "@mentaldisorder",
        "userDefined": true
      },
      {
        "text": " ",
        "userDefined": false
      },
      {
        "text": "look like",
        "alias": "Symptomsofmentaldisorder",
        "meta": "@Symptomsofmentaldisorder",
        "userDefined": true
      }
    ],
    "isTemplate": false,
    "count": 0,
    "updated": 1545126301
  },
  {
    "id": "0ea29423-1eb4-42eb-97c6-82d754423903",
    "data": [
      {
        "text": "what is ",
        "userDefined": false
      },
      {
        "text": "depression",
        "alias": "mentaldisorder",
        "meta": "@mentaldisorder",
        "userDefined": true
      }
    ],
    "isTemplate": false,
    "count": 0,
    "updated": 1545126301
  }
]