[
  {
    "id": "5b13374a-1123-4a57-b2df-dee453253eb1",
    "data": [
      {
        "text": "is this scdf counseling line",
        "userDefined": false
      }
    ],
    "isTemplate": false,
    "count": 0,
    "updated": 1542879393
  },
  {
    "id": "7d202215-b7a5-48bd-bd38-c14f0b61cdc2",
    "data": [
      {
        "text": "is this scdf counselling",
        "userDefined": false
      }
    ],
    "isTemplate": false,
    "count": 0,
    "updated": 1542879393
  },
  {
    "id": "bd2bc874-5cc3-458d-9e6b-b7a62f3b198c",
    "data": [
      {
        "text": "is this scdf helpline",
        "userDefined": false
      }
    ],
    "isTemplate": false,
    "count": 0,
    "updated": 1542879393
  },
  {
    "id": "15ac67fc-8435-4e65-a8b5-e33cd9b674bb",
    "data": [
      {
        "text": "is this the SCDF helpline",
        "userDefined": false
      }
    ],
    "isTemplate": false,
    "count": 0,
    "updated": 1542879186
  },
  {
    "id": "de01b1ff-88d4-411c-a9af-ce983705ff49",
    "data": [
      {
        "text": "is this the helpline",
        "userDefined": false
      }
    ],
    "isTemplate": false,
    "count": 0,
    "updated": 1542879186
  },
  {
    "id": "7b8c7ec7-a87f-47a8-8a50-f3181b05724c",
    "data": [
      {
        "text": "is this counselling line",
        "userDefined": false
      }
    ],
    "isTemplate": false,
    "count": 0,
    "updated": 1542879186
  },
  {
    "id": "37b4fafb-3b52-400b-b15b-b254aab99dba",
    "data": [
      {
        "text": "is this counselling helpline",
        "userDefined": false
      }
    ],
    "isTemplate": false,
    "count": 0,
    "updated": 1542879186
  },
  {
    "id": "35b2b05f-1748-4cc8-b7e3-f8735ae8a563",
    "data": [
      {
        "text": "is this for counselling",
        "userDefined": false
      }
    ],
    "isTemplate": false,
    "count": 0,
    "updated": 1542879186
  },
  {
    "id": "7b228372-4785-4ca2-a086-c74e929427e5",
    "data": [
      {
        "text": "is this the counselling helpline",
        "userDefined": false
      }
    ],
    "isTemplate": false,
    "count": 0,
    "updated": 1542879186
  }
]