[
  {
    "id": "a4d54a47-8417-41db-af92-394a6905dcdf",
    "data": [
      {
        "text": "i need to talk to someone",
        "userDefined": false
      }
    ],
    "isTemplate": false,
    "count": 0,
    "updated": 1542961536
  },
  {
    "id": "610fc772-2674-4594-9b44-d8755827e63e",
    "data": [
      {
        "text": "i need to see a counsellor",
        "userDefined": false
      }
    ],
    "isTemplate": false,
    "count": 0,
    "updated": 1542961536
  },
  {
    "id": "51015c5c-8b0c-4eeb-a95a-ee1115951173",
    "data": [
      {
        "text": "can i seek therapy",
        "userDefined": false
      }
    ],
    "isTemplate": false,
    "count": 0,
    "updated": 1542961536
  },
  {
    "id": "17426a2c-4d24-4de3-9c98-73fd403da19c",
    "data": [
      {
        "text": "i want to see a psychologist",
        "userDefined": false
      }
    ],
    "isTemplate": false,
    "count": 0,
    "updated": 1542961536
  },
  {
    "id": "bdc42af4-51cd-49d4-bb82-fe5212003a00",
    "data": [
      {
        "text": "see counsellor",
        "userDefined": false
      }
    ],
    "isTemplate": false,
    "count": 0,
    "updated": 1542961536
  },
  {
    "id": "d1d1ede1-cd52-40dd-9497-51c974156e35",
    "data": [
      {
        "text": "can i see a counsellor",
        "userDefined": false
      }
    ],
    "isTemplate": false,
    "count": 0,
    "updated": 1542961536
  },
  {
    "id": "e200e478-6d1f-4a79-821c-e114d2bcb6e8",
    "data": [
      {
        "text": "I want to meet counsellor",
        "userDefined": false
      }
    ],
    "isTemplate": false,
    "count": 0,
    "updated": 1542961536
  },
  {
    "id": "dd67830a-6778-42f0-9cb2-3dc64b30a7bb",
    "data": [
      {
        "text": "I want to see counsellor",
        "userDefined": false
      }
    ],
    "isTemplate": false,
    "count": 0,
    "updated": 1542961536
  },
  {
    "id": "fa824487-5258-424f-bae6-3c88290732b8",
    "data": [
      {
        "text": "I would like to see a counsellor",
        "userDefined": false
      }
    ],
    "isTemplate": false,
    "count": 0,
    "updated": 1542961536
  }
]