[
  {
    "value": "disorder",
    "synonyms": [
      "disorder",
      "mental illness",
      "mental problem"
    ]
  },
  {
    "value": "depression",
    "synonyms": [
      "depression"
    ]
  },
  {
    "value": "anxiety disorder",
    "synonyms": [
      "anxiety disorder"
    ]
  },
  {
    "value": "adjustment disorder",
    "synonyms": [
      "adjustment disorder"
    ]
  },
  {
    "value": "OCD",
    "synonyms": [
      "OCD"
    ]
  },
  {
    "value": "obsessive compulsive disorder",
    "synonyms": [
      "obsessive compulsive disorder"
    ]
  },
  {
    "value": "bipolar disorder",
    "synonyms": [
      "bipolar disorder"
    ]
  },
  {
    "value": "psychosis",
    "synonyms": [
      "psychosis"
    ]
  }
]