[
  {
    "value": "S1234567A",
    "synonyms": [
      "S1234567A",
      "S9122344Z",
      "T1234567B",
      "F1234567C",
      "G1234567D"
    ]
  },
  {
    "value": "S9443211J",
    "synonyms": [
      "S9443211J"
    ]
  },
  {
    "value": "G7794355D",
    "synonyms": [
      "G7794355D"
    ]
  },
  {
    "value": "G8814339L",
    "synonyms": [
      "G8814339L"
    ]
  },
  {
    "value": "S9678554B",
    "synonyms": [
      "S9678554B"
    ]
  },
  {
    "value": "S9322155K",
    "synonyms": [
      "S9322155K"
    ]
  },
  {
    "value": "S9122445C",
    "synonyms": [
      "S9122445C"
    ]
  },
  {
    "value": "F9677854N",
    "synonyms": [
      "F9677854N"
    ]
  }
]