[
  {
    "value": "Anxiety",
    "synonyms": [
      "Anxiety",
      "Anxious",
      "nervous",
      "gan jiong",
      "restless"
    ]
  },
  {
    "value": "FinancialIssue",
    "synonyms": [
      "Financial",
      "lack money",
      "money problems",
      "not enough money",
      "need money",
      "cannot afford",
      "need cash",
      "no cash",
      "credit card bill",
      "late payment",
      "financial assistance",
      "worried about money"
    ]
  },
  {
    "value": "AdjustmentIssue",
    "synonyms": [
      "AdjustmentIssue",
      "problems adjusting to ns",
      "problems adjusting to training",
      "cannot adjust to ns",
      "cannot adjust to training",
      "adjustment problem",
      "cannot cope with training",
      "cannot cope with ns"
    ]
  },
  {
    "value": "Stressed",
    "synonyms": [
      "Stressed",
      "stressed out",
      "feeling stressed",
      "im stressed",
      "worried about"
    ]
  },
  {
    "value": "FamilyIssue",
    "synonyms": [
      "FamilyIssue",
      "family problems",
      "facing family issues",
      "problems in family",
      "worried about parents",
      "grandmother",
      "grandfather",
      "grandpa",
      "grandma",
      "sister",
      "brother",
      "mother",
      "father",
      "grief"
    ]
  },
  {
    "value": "RelationshipIssue",
    "synonyms": [
      "RelationshipIssue",
      "BGR problems",
      "problems with girlfriend",
      "boyfriend problems",
      "broke up with girlfriend",
      "bgr issues"
    ]
  },
  {
    "value": "PeersIssue",
    "synonyms": [
      "PeersIssue",
      "bunkmates bully me",
      "bunk mates mean to me",
      "bunk mates hate me",
      "cannot fit in",
      "rota mates dont like me",
      "rota hates me",
      "ragging",
      "being ragged",
      "odd one out"
    ]
  },
  {
    "value": "SupervisorIssue",
    "synonyms": [
      "SupervisorIssue",
      "encik dont like me",
      "instructor dont like me",
      "instructor always harsh",
      "encik is mean to me",
      "sergeant bully me",
      "superiors do not like me"
    ]
  },
  {
    "value": "no money",
    "synonyms": [
      "no money"
    ]
  },
  {
    "value": "cannot support my family",
    "synonyms": [
      "cannot support my family"
    ]
  },
  {
    "value": "in debt",
    "synonyms": [
      "in debt"
    ]
  },
  {
    "value": "grieving",
    "synonyms": [
      "grieving"
    ]
  },
  {
    "value": "instructors are too fierce",
    "synonyms": [
      "instructors are too fierce"
    ]
  },
  {
    "value": "instructors dont like mem",
    "synonyms": [
      "instructors dont like mem"
    ]
  },
  {
    "value": "rota does not like me",
    "synonyms": [
      "rota does not like me"
    ]
  },
  {
    "value": "i am being bullied",
    "synonyms": [
      "i am being bullied"
    ]
  },
  {
    "value": "cannot support my girlfriend",
    "synonyms": [
      "cannot support my girlfriend"
    ]
  },
  {
    "value": "family has issues",
    "synonyms": [
      "family has issues"
    ]
  },
  {
    "value": "too stressed at work",
    "synonyms": [
      "too stressed at work"
    ]
  },
  {
    "value": "no finances",
    "synonyms": [
      "no finances"
    ]
  },
  {
    "value": "cannot endure training",
    "synonyms": [
      "cannot endure training"
    ]
  },
  {
    "value": "relationship problem",
    "synonyms": [
      "relationship problem"
    ]
  },
  {
    "value": "encik is mean",
    "synonyms": [
      "encik is mean"
    ]
  },
  {
    "value": "girlfriend broke up with me",
    "synonyms": [
      "girlfriend broke up with me"
    ]
  },
  {
    "value": "need help",
    "synonyms": [
      "need help"
    ]
  },
  {
    "value": "unable to adjust to training",
    "synonyms": [
      "unable to adjust to training"
    ]
  },
  {
    "value": "problem with friends",
    "synonyms": [
      "problem with friends"
    ]
  },
  {
    "value": "am homesick",
    "synonyms": [
      "am homesick"
    ]
  },
  {
    "value": "problem adjusting to work",
    "synonyms": [
      "problem adjusting to work"
    ]
  },
  {
    "value": "have family problems",
    "synonyms": [
      "have family problems"
    ]
  },
  {
    "value": "cannot endure the training",
    "synonyms": [
      "cannot endure the training"
    ]
  },
  {
    "value": "have problem adjusting to ns",
    "synonyms": [
      "have problem adjusting to ns"
    ]
  },
  {
    "value": "am stressed out",
    "synonyms": [
      "am stressed out"
    ]
  },
  {
    "value": "instructor is too fierce",
    "synonyms": [
      "instructor is too fierce"
    ]
  },
  {
    "value": "always nervous",
    "synonyms": [
      "always nervous"
    ]
  },
  {
    "value": "being bullied at work",
    "synonyms": [
      "being bullied at work"
    ]
  }
]