[
  {
    "value": "Depression",
    "synonyms": [
      "Depression",
      "depressed",
      "feeling depressed",
      "low mood",
      "feelign down"
    ]
  },
  {
    "value": "GeneralDysfunction",
    "synonyms": [
      "GeneralDysfunction",
      "feeling tired",
      "no appetite",
      "cannot eat",
      "cannot sleep well",
      "not eating well",
      "not sleeping well",
      "insomnia",
      "always tired"
    ]
  },
  {
    "value": "Suicidal Ideation",
    "synonyms": [
      "Suicidal Ideation",
      "feel like committing suicide",
      "suicidal",
      "thinking about suicide",
      "thinking about dying",
      "jumping down",
      "jump down"
    ]
  },
  {
    "value": "Self Harm",
    "synonyms": [
      "Self Harm",
      "cutting myself",
      "banging head",
      "cut myself",
      "harm myself"
    ]
  },
  {
    "value": "not eating welli",
    "synonyms": [
      "not eating welli"
    ]
  },
  {
    "value": "cant sleep",
    "synonyms": [
      "cant sleep"
    ]
  },
  {
    "value": "feeling down",
    "synonyms": [
      "feeling down"
    ]
  },
  {
    "value": "a disorder",
    "synonyms": [
      "a disorder"
    ]
  },
  {
    "value": "mood is low",
    "synonyms": [
      "mood is low"
    ]
  },
  {
    "value": "feel depressed",
    "synonyms": [
      "feel depressed"
    ]
  },
  {
    "value": "am depressed",
    "synonyms": [
      "am depressed"
    ]
  },
  {
    "value": "instructors bully me",
    "synonyms": [
      "instructors bully me"
    ]
  },
  {
    "value": "feel like beating someone",
    "synonyms": [
      "feel like beating someone"
    ]
  },
  {
    "value": "feel like harming someone",
    "synonyms": [
      "feel like harming someone"
    ]
  },
  {
    "value": "going to commit suicide",
    "synonyms": [
      "going to commit suicide"
    ]
  },
  {
    "value": "killing myself",
    "synonyms": [
      "killing myself"
    ]
  },
  {
    "value": "no hope",
    "synonyms": [
      "no hope"
    ]
  },
  {
    "value": "cannot sleep",
    "synonyms": [
      "cannot sleep"
    ]
  },
  {
    "value": "feel like cutting myself",
    "synonyms": [
      "feel like cutting myself"
    ]
  },
  {
    "value": "mood is always low",
    "synonyms": [
      "mood is always low"
    ]
  },
  {
    "value": "feeling really low",
    "synonyms": [
      "feeling really low"
    ]
  },
  {
    "value": "kill myself",
    "synonyms": [
      "kill myself"
    ]
  },
  {
    "value": "feel helpless",
    "synonyms": [
      "feel helpless"
    ]
  },
  {
    "value": "feel useless",
    "synonyms": [
      "feel useless"
    ]
  },
  {
    "value": "have insomnia",
    "synonyms": [
      "have insomnia"
    ]
  },
  {
    "value": "not worth living",
    "synonyms": [
      "not worth living"
    ]
  },
  {
    "value": "end my life",
    "synonyms": [
      "end my life"
    ]
  },
  {
    "value": "shoot myself",
    "synonyms": [
      "shoot myself"
    ]
  }
]