[
  {
    "value": "1st Div HQ",
    "synonyms": [
      "1st Div",
      "1st div",
      "1st SCDF Div",
      "1st scdf division",
      "1st division",
      "First Div",
      "First SCDF Division",
      "First CD Division",
      "1st CD div",
      "1st div hq"
    ]
  },
  {
    "value": "2nd Div HQ",
    "synonyms": [
      "2nd Div",
      "2nd div",
      "2nd SCDF Div",
      "2nd scdf division",
      "Second Div HQ",
      "Second CD Division",
      "2nd div hq",
      "Second SCDF Division"
    ]
  },
  {
    "value": "3rd Div HQ",
    "synonyms": [
      "3rd Div HQ",
      "3rd Div",
      "3rd SCDF Div",
      "3rd scdf division",
      "Third Div HQ",
      "Third CD Division",
      "3rd div hq",
      "Third SCDF Division"
    ]
  },
  {
    "value": "4th Div HQ",
    "synonyms": [
      "4th Div HQ",
      "4th Div",
      "4th SCDF Div",
      "4th scdf division",
      "Fourth Div HQ",
      "Fourth CD Division",
      "4th div hq",
      "Fourth SCDF Division"
    ]
  },
  {
    "value": "SCDF MC HQ",
    "synonyms": [
      "SCDF MC HQ",
      "SCDF Marine Command HQ",
      "CD Marine",
      "marine hq"
    ]
  },
  {
    "value": "Civil Defence Academy",
    "synonyms": [
      "Civil Defence Academy",
      "CDA"
    ]
  },
  {
    "value": "National Service Training Institute",
    "synonyms": [
      "National Service Training Institute",
      "NSTI",
      "nsti"
    ]
  },
  {
    "value": "scdf mc",
    "synonyms": [
      "scdf mc"
    ]
  }
]